-- phpMyAdmin SQL Dump
-- version 4.8.5
-- https://www.phpmyadmin.net/
--
-- Host: 127.0.0.1
-- Generation Time: Jul 07, 2019 at 05:18 PM
-- Server version: 10.1.38-MariaDB
-- PHP Version: 7.3.2

SET SQL_MODE = "NO_AUTO_VALUE_ON_ZERO";
SET AUTOCOMMIT = 0;
START TRANSACTION;
SET time_zone = "+00:00";


/*!40101 SET @OLD_CHARACTER_SET_CLIENT=@@CHARACTER_SET_CLIENT */;
/*!40101 SET @OLD_CHARACTER_SET_RESULTS=@@CHARACTER_SET_RESULTS */;
/*!40101 SET @OLD_COLLATION_CONNECTION=@@COLLATION_CONNECTION */;
/*!40101 SET NAMES utf8mb4 */;

--
-- Database: `cric guru`
--

-- --------------------------------------------------------

--
-- Table structure for table `matches`
--

CREATE TABLE `matches` (
  `Match_ID` int(10) NOT NULL,
  `Team_1` varchar(5) DEFAULT NULL,
  `Team_1_Score` varchar(20) NOT NULL,
  `Team_2` varchar(5) NOT NULL,
  `Team_2_Score` varchar(20) NOT NULL,
  `Status` varchar(50) NOT NULL,
  `Player_of_the_Match` varchar(100) NOT NULL
) ENGINE=InnoDB DEFAULT CHARSET=latin1;

--
-- Dumping data for table `matches`
--

INSERT INTO `matches` (`Match_ID`, `Team_1`, `Team_1_Score`, `Team_2`, `Team_2_Score`, `Status`, `Player_of_the_Match`) VALUES
(1, 'ENG', '311/8 (50)', 'RSA', '207/10 (39.5)', 'England won by 104 runs', 'Ben Stokes'),
(2, 'PAK', '105/10 (21.4)', 'WI', '108/3 (13.4)', 'West Indies won by 7 wkts', 'OshaneThomas'),
(3, 'SL', '136/10 (29.2)', 'NZ', '137/0 (16.1)', 'New Zealand won by 10 wkts', 'Matt Henry'),
(4, 'AFG', '207/10 (38.2)', 'AUS', '209/3 (34.5)', 'Australia won by 7 wkts', 'David Warner'),
(5, 'BAN', '330/6 (50)', 'RSA', '309/8 (50)', 'Bangladesh won by 21 runs', 'Shakib Al Hasan'),
(6, 'PAK', '348/8 (50)', 'ENG', '334/9 (50)', 'Pakistan won by 14 runs', 'Mohammad Hafeez'),
(7, 'SL', '201/10 (36.5)', 'AFG', '152/10 (32.4)', 'Sri Lanka won by 34 runs', 'Nuwan Pradeep'),
(8, 'RSA', '227/9 (50)', 'IND', '230/4 (47.3)', 'India won by 6 wkts', 'Rohit Sharma'),
(9, 'BAN', '244/10 (49.2)', 'NZ', '248/8 (47.1)', 'New Zealand won by 2 wkts', 'Ross Taylor'),
(10, 'AUS', '288/10 (49)', 'WI', '273/9 (50)', 'Australia won by 15 runs', 'Nathan Coulter-Nile'),
(11, 'PAK', '-', 'SL', '-', 'Match abandoned without a ball bowled ', '-'),
(12, 'ENG', '386/6 (50)', 'BAN', '280/10 (48.5)', 'England won by 106 runs', 'Jason Roy'),
(13, 'AFG', '172/10 (41.1)', 'NZ', '173/3 (32.1)', 'New Zealand won by 7 wkts', 'James Neesham'),
(14, 'IND', '352/5 (50)', 'AUS', '316/10 (50)', 'India won by 36 runs', 'Shikhar Dhawan'),
(15, 'WI', '-', 'RSA', '29/2 (7.3)', 'No result', '-'),
(16, 'BAN', '-', 'SL', '-', 'Match abandoned without toss due to rain', '-'),
(17, 'AUS', '307/10 (49)', 'PAK', '266/10 (45.4)', 'Australia won by 41 runs', 'David Warner'),
(18, 'IND', '-', 'NZ', '-', 'Match abandoned without toss due to rain', '-'),
(19, 'WI', '212/10 (44.4)', 'ENG', '213/2 (33.1)', 'England won by 8 wkts', 'Joe Root'),
(20, 'AUS', '334/7 (50)', 'SL', '247/10 (45.5)', 'Australia won by 87 runs', 'Aaron Finch'),
(21, 'AFG', '125/10 (34.1)', 'RSA', '131/1 (28.4)', 'South Africa won by 9 wkts(DLS method)', 'Imran Tahir'),
(22, 'IND', '336/5 (50)', 'PAK', '212/6 (40)', 'India won by 89 runs(DLS method)', 'Rohit Sharma'),
(23, 'WI', '321/8 (50)', 'BAN', '322/3 (41.3)', 'Bangladesh won by 7 wkts', 'Shakib Al Hasan'),
(24, 'ENG', '397/6 (50)', 'AFG', '247/8 (50)', 'England won by 150 runs', 'Eoin Morgan'),
(25, 'RSA', '241/6 (49)', 'NZ', '245/6 (48.3)', 'New Zealand won by 4 wkts', 'Kane Williamson'),
(26, 'AUS', '381/5 (50.0)', 'BAN', '333/8 (50.0)', 'Australia won by 48 runs', 'David Warner'),
(27, 'SL', '232/9 (50.0)', 'ENG', '212-all out (47)', 'Sri Lanka won by 20 runs', 'Lasith Malinga'),
(28, 'IND', '224/8 (50.0)', 'AFG', '213-all out (49.5)', 'India won by 11 runs', 'Jasprit Bumrah'),
(29, 'NZ', '291/8 (50.0)', 'WI', '286-all out (49)', 'New Zealand won by 5 runs', 'Kane Williamson'),
(30, 'PAK', '308/7 (50.0)', 'RSA', '259/9 (50.0)', 'Pakistan won by 49 runs', 'Haris Sohail'),
(31, 'BAN', '262/7 (50.0)', 'AFG', '200-all out (47)', 'Bangladesh won by 62 runs', 'Shakib Al Hasan'),
(32, 'AUS', '285/7 (50.0)', 'ENG', '221-all out (44.4)', 'Australia won by 64 runs', 'Aaron Finch'),
(33, 'NZ', '237/6 (50)', 'PAK', '241/4 (49.1)', 'Pakistan won by 6 wkts', 'Babar Azam'),
(34, 'IND', '268/7 (50)', 'WI', '143-all out (34.2)', 'India won by 125 runs', 'Virat Kohli'),
(35, 'SL', '203-all out (49.3)', 'RSA', '206/1 (37.2)', 'South Afirca won by 9 wkts', 'Dwaline Pretorious'),
(36, 'AFG', '227/9 (50.0)', 'PAK', '230/7 (49.4)', 'Pakistan won by 3 wkts', 'Imad Wasim'),
(37, 'AUS', '243/9 (50)', 'NZ', '157-all out (43.4)', 'Australia won by 86 runs', 'Alex Carey'),
(38, 'ENG', '337/7 (50.0)', 'IND', '306/5 (50.0)', 'England won by 31 runs', 'Jonny Bairstow'),
(39, 'SL', '338/6 (50.0)', 'WI', '315/9 (50.0)', 'Sri Lanka won by 23 runs', 'Avishka Fernando'),
(40, 'IND', '314/9 (50.0)', 'BAN', '286-all out (48.0)', 'India won by 28 runs', 'Rohit sharma'),
(41, 'ENG', '305/8 (50.0)', 'NZ', '186-all out (45.0)', 'England won by 119 runs', 'Jonny Bairstow'),
(42, 'WI', '311/6 (50.0)', 'AFG', '288-all out (50.0)', 'West Indies won by 23 runs', 'Shai Hope'),
(43, 'PAK', '315/9 (50.0)', 'BAN', '221-all out (44.1)', 'Pakistan won by 94 runs', 'Shaheen Afridi'),
(44, 'SL', '264/7 (50.0)', 'IND', '265/3 (43.3)', 'India won by 7 wickets', 'Rohit Sharma'),
(45, 'RSA', '325/66 (50.0)', 'AUS', '315-all out (49.5)', 'South Africa won by 10 runs', 'Faf du Plessis'),
(46, '1', '', '4', '', '', ''),
(47, '2', '', '3', '', '', ''),
(48, 'Final', '', 'Final', '', '', '');

-- --------------------------------------------------------

--
-- Table structure for table `players`
--

CREATE TABLE `players` (
  `Player_ID` int(10) NOT NULL,
  `Name` varchar(100) NOT NULL,
  `Team_ID` varchar(5) NOT NULL,
  `Role` varchar(25) NOT NULL
) ENGINE=InnoDB DEFAULT CHARSET=latin1;

--
-- Dumping data for table `players`
--

INSERT INTO `players` (`Player_ID`, `Name`, `Team_ID`, `Role`) VALUES
(0, 'Sayed Shirzad', 'AFG', 'Bowler'),
(1, 'Noor Ali Zadran', 'AFG', 'Batsman'),
(2, 'Hazratullah Zazai', 'AFG', 'Batsman'),
(3, 'Asghar Afghan', 'AFG', 'Batsman'),
(4, 'Hashmatullah Shahidi', 'AFG', 'Batsman'),
(5, 'Najibullah Zadran', 'AFG', 'Batsman'),
(6, 'Rashid Khan', 'AFG', 'Bowler'),
(7, 'Dawlat Zadran', 'AFG', 'Bowler'),
(8, 'Aftab Alam', 'AFG', 'Bowler'),
(9, 'Hamid Hassan', 'AFG', 'Bowler'),
(10, 'Mujeeb Ur Rahman', 'AFG', 'Bowler'),
(11, 'Gulbadin Naib', 'AFG', 'Allrounder Captain'),
(12, 'Rahmat Shah', 'AFG', 'Allrounder '),
(13, 'Saimullah Shinwari', 'AFG', 'Allrounder '),
(14, 'Mohammad Nabi', 'AFG', 'Allrounder '),
(15, 'Ikram Ali Khil', 'AFG', 'Wicket Keeper Batsman'),
(16, 'Aaron Finch', 'AUS', 'Batsman Captain'),
(17, 'David Warner\r\n', 'AUS', 'Batsman'),
(18, 'Usman Khawaja', 'AUS', 'Batsman'),
(19, 'Steven Smith\r\n', 'AUS', 'Batsman'),
(20, 'Shaun Marsh\r\n', 'AUS', 'Batsman'),
(21, 'Glenn Maxwell\r\n', 'AUS', 'Allrounder'),
(22, 'Marcus Stoinis\r\n', 'AUS', 'Allrounder'),
(23, 'Alex Carey\r\n', 'AUS', 'Wicket Keeper Batsman'),
(24, 'Kane Richardson\r\n', 'AUS', 'Bowler'),
(25, 'Pat Cummins\r\n', 'AUS', 'Bowler'),
(26, 'Nathan Coulter-Nile\r\n', 'AUS', 'Bowler'),
(27, 'Mitchell Starc\r\n', 'AUS', 'Bowler'),
(28, 'Jason Behrendorff\r\n', 'AUS', 'Bowler'),
(29, 'Adam Zampa\r\n', 'AUS', 'Bowler'),
(30, 'Nathan Lyon\r\n', 'AUS', 'Bowler'),
(31, 'Tamim Iqbal', 'BAN', 'Batsman'),
(32, 'Soumya Sarkar', 'BAN', 'Batsman'),
(33, 'Sabbir Rahman', 'BAN', 'Batsman'),
(34, 'Mahmudullah\r\n', 'BAN', 'Allrounder'),
(35, 'Mohammad Saifuddin\r\n', 'BAN', 'Allrounder'),
(36, 'Mosaddek Hossain\r\n', 'BAN', 'Allrounder'),
(37, 'Shakib Al Hasan\r\n', 'BAN', 'Allrounder'),
(38, 'Mehidy Hasan\r\n', 'BAN', 'Allrounder'),
(39, 'Liton Das\r\n', 'BAN', 'Wicket Keeper Batsman'),
(40, 'Mushfiqur Rahim\r\n', 'BAN', 'Wicket Keeper Batsman'),
(41, 'Mohammad Mithun\r\n', 'BAN', 'Wicket Keeper Batsman'),
(42, 'Mashrafe Mortaza\r\n', 'BAN', 'Bowler Captain'),
(43, 'Rubel Hossain\r\n', 'BAN', 'Bowler'),
(44, 'Mustafizur Rahman\r\n', 'BAN', 'Bowler'),
(45, 'Abu Jayed\r\n', 'BAN', 'Bowler'),
(46, 'Eoin Morgan', 'ENG', 'Batsman Captain'),
(47, 'Jason Roy', 'ENG', 'Batsman'),
(48, 'Joe Root', 'ENG', 'Batsman'),
(49, 'James Vince', 'ENG', 'Batsman'),
(50, 'Ben Stokes\r\n', 'ENG', 'Allrounder'),
(51, 'Moeen Ali\r\n', 'ENG', 'Allrounder'),
(52, 'Chris Woakes\r\n', 'ENG', 'Allrounder'),
(53, 'Tom Curran\r\n', 'ENG', 'Allrounder'),
(54, 'Liam Dawson\r\n', 'ENG', 'Allrounder'),
(55, 'Jofra Archer\r\n', 'ENG', 'Allrounder'),
(56, 'Jonny Bairstow\r\n', 'ENG', 'Wicket Keeper Batsman'),
(57, 'Jos Buttler\r\n', 'ENG', 'Wicket Keeper Batsman'),
(58, 'Liam Plunkett\r\n', 'ENG', 'Bowler'),
(59, 'Adil Rashid\r\n', 'ENG', 'Bowler'),
(60, 'Mark Wood\r\n', 'ENG', 'Bowler'),
(61, 'Rohit Sharma', 'IND', 'Batsman'),
(62, 'Virat Kohli', 'IND', 'Batsman Captain'),
(63, 'Vijay Shankar\r\n', 'IND', 'Allrounder'),
(64, 'Hardik Pandya\r\n', 'IND', 'Allrounder'),
(65, 'Kedar Jadhav\r\n', 'IND', 'Allrounder'),
(66, 'Ravindra Jadeja\r\n', 'IND', 'Allrounder'),
(67, 'Rishabh Pant\r\n', 'IND', 'Wicket Keeper Batsman'),
(68, 'Lokesh Rahul\r\n', 'IND', 'Wicket Keeper Batsman'),
(69, 'MS Dhoni\r\n', 'IND', 'Wicket Keeper Batsman'),
(70, 'Dinesh Karthik\r\n', 'IND', 'Wicket Keeper Batsman'),
(71, 'Kuldeep Yadav\r\n', 'IND', 'Bowler'),
(72, 'Mohammed Shami\r\n', 'IND', 'Bowler'),
(73, 'Jasprit Bumrah\r\n', 'IND', 'Bowler'),
(74, 'Bhuvneshwar Kumar\r\n', 'IND', 'Bowler'),
(75, 'Yuzvendra Chahal\r\n', 'IND', 'Bowler'),
(76, 'Kane Williamson', 'NZ', 'Batsman Captain'),
(77, 'Martin Guptill', 'NZ', 'Batsman'),
(78, 'Ross Taylor', 'NZ', 'Batsman'),
(79, 'Colin de Grandhomme\r\n', 'NZ', 'Allrounder'),
(80, 'Colin Munro\r\n', 'NZ', 'Allrounder'),
(81, 'James Neesham\r\n', 'NZ', 'Allrounder'),
(82, 'Mitchell Santner\r\n', 'NZ', 'Allrounder'),
(83, 'Tom Blundell\r\n', 'NZ', 'Wicket Keeper Batsman'),
(84, 'Tom Latham\r\n', 'NZ', 'Wicket Keeper Batsman'),
(85, 'Henry Nicholls\r\n', 'NZ', 'Wicket Keeper Batsman'),
(86, 'Trent Boult\r\n', 'NZ', 'Bowler'),
(87, 'Lockie Ferguson\r\n', 'NZ', 'Bowler'),
(88, 'Matt Henry\r\n', 'NZ', 'Bowler'),
(89, 'Tim Southee\r\n', 'NZ', 'Bowler'),
(90, 'Ish Sodhi\r\n', 'NZ', 'Bowler'),
(91, 'Fakhar Zaman', 'PAK', 'Batsman'),
(92, 'Imam-ul-Haq', 'PAK', 'Batsman'),
(93, 'Babar Azam', 'PAK', 'Batsman'),
(94, 'Asif Ali', 'PAK', 'Batsman'),
(95, 'Shoaib Malik\r\n', 'PAK', 'Allrounder'),
(96, 'Mohammad Hafeez\r\n', 'PAK', 'Allrounder'),
(97, 'Haris Sohail\r\n', 'PAK', 'Allrounder'),
(98, 'Shadab Khan\r\n', 'PAK', 'Allrounder'),
(99, 'Imad Wasim\r\n', 'PAK', 'Allrounder'),
(100, 'Sarfaraz Ahmed\r\n', 'PAK', 'Wicket Keeper Batsman Cap'),
(101, 'Shaheen Afridi\r\n', 'PAK', 'Bowler'),
(102, 'Hasan Ali\r\n', 'PAK', 'Bowler'),
(103, 'Mohammad Hasnain\r\n', 'PAK', 'Bowler'),
(104, 'Wahab Riaz\r\n', 'PAK', 'Bowler'),
(105, 'Mohammad Amir\r\n', 'PAK', 'Bowler'),
(106, 'Faf du Plessis', 'RSA', 'Batsman Captain'),
(107, 'David Miller', 'RSA', 'Batsman'),
(108, 'Aiden Markram', 'RSA', 'Batsman'),
(109, 'Hashim Amla', 'RSA', 'Batsman'),
(110, 'Rassie van der Dussen', 'RSA', 'Batsman'),
(111, 'Jean-Paul Duminy\r\n', 'RSA', 'Allrounder'),
(112, 'Andile Phehlukwayo\r\n', 'RSA', 'Allrounder'),
(113, 'Dwaine Pretorius\r\n', 'RSA', 'Allrounder'),
(114, 'Chris Morris\r\n', 'RSA', 'Allrounder'),
(115, 'Quinton de Kock\r\n', 'RSA', 'Wicket Keeper Batsman'),
(116, 'Kagiso Rabada\r\n', 'RSA', 'Bowler'),
(117, 'Lungi Ngidi\r\n', 'RSA', 'Bowler'),
(118, 'Imran Tahir\r\n', 'RSA', 'Bowler'),
(119, 'Tabraiz Shamsi\r\n', 'RSA', 'Bowler'),
(120, 'Beuran Hendricks\r\n', 'RSA', 'Bowler'),
(121, 'Dimuth Karunaratne', 'SL', 'Batsman Captain'),
(122, 'Avishka Fernando', 'SL', 'Batsman'),
(123, 'Lahiru Thirimanne', 'SL', 'Batsman'),
(124, 'Angelo Mathews\r\n', 'SL', 'Allrounder'),
(125, 'Dhananjaya de Silva\r\n', 'SL', 'Allrounder'),
(126, 'Isuru Udana\r\n', 'SL', 'Allrounder'),
(127, 'Milinda Siriwardana\r\n', 'SL', 'Allrounder'),
(128, 'Thisara Perera\r\n', 'SL', 'Allrounder'),
(129, 'Jeevan Mendis\r\n', 'SL', 'Allrounder'),
(130, 'Kusal Perera\r\n', 'SL', 'Wicket Keeper Batsman'),
(131, 'Kusal Mendis\r\n', 'SL', 'Wicket Keeper Batsman'),
(132, 'Jeffrey Vandersay\r\n', 'SL', 'Bowler'),
(133, 'Lasith Malinga\r\n', 'SL', 'Bowler'),
(134, 'Suranga Lakmal\r\n', 'SL', 'Bowler'),
(135, 'Nuwan Pradeep\r\n', 'SL', 'Bowler'),
(136, 'Chris Gayle', 'WI', 'Batsman'),
(137, 'Evin Lewis', 'WI', 'Batsman'),
(138, 'Darren Bravo', 'WI', 'Batsman'),
(139, 'Shimron Hetmyer', 'WI', 'Batsman'),
(140, 'Fabian Allen\r\n', 'WI', 'Allrounder'),
(141, 'Andre Russell\r\n', 'WI', 'Allrounder'),
(142, 'Carlos Brathwaite\r\n', 'WI', 'Allrounder'),
(143, 'Jason Holder\r\n', 'WI', 'Allrounder Captain'),
(144, 'Nicholas Pooran\r\n', 'WI', 'Wicket Keeper Batsman'),
(145, 'Shai Hope\r\n', 'WI', 'Wicket Keeper Batsman'),
(146, 'Ashley Nurse\r\n', 'WI', 'Bowler'),
(147, 'Kemar Roach\r\n', 'WI', 'Bowler'),
(148, 'Oshane Thomas\r\n', 'WI', 'Bowler'),
(149, 'Shannon Gabriel\r\n', 'WI', 'Bowler'),
(150, 'Sheldon Cottrell\r\n', 'WI', 'Bowler');

-- --------------------------------------------------------

--
-- Table structure for table `pointstable`
--

CREATE TABLE `pointstable` (
  `Number` int(11) NOT NULL,
  `Team_ID` varchar(5) NOT NULL,
  `Team_Name` varchar(50) NOT NULL,
  `Matches` int(11) NOT NULL,
  `Won` int(11) NOT NULL,
  `Lost` int(11) NOT NULL,
  `Tied` int(11) NOT NULL,
  `No_Results` int(11) NOT NULL,
  `Points` int(3) NOT NULL,
  `NRR` float NOT NULL
) ENGINE=InnoDB DEFAULT CHARSET=latin1;

--
-- Dumping data for table `pointstable`
--

INSERT INTO `pointstable` (`Number`, `Team_ID`, `Team_Name`, `Matches`, `Won`, `Lost`, `Tied`, `No_Results`, `Points`, `NRR`) VALUES
(1, 'AFG', 'Afghanistan', 9, 0, 9, 0, 0, 0, -1.322),
(2, 'AUS', 'Australia', 9, 7, 2, 0, 0, 14, 0.868),
(3, 'BAN', 'Bangladesh', 9, 3, 5, 0, 1, 7, -0.41),
(4, 'ENG', 'England', 9, 6, 3, 0, 0, 12, 1.152),
(5, 'IND', 'India', 9, 7, 1, 0, 1, 15, 0.809),
(6, 'NZ', 'New Zealand', 9, 5, 3, 0, 1, 11, 0.175),
(7, 'PAK', 'Pakistan', 9, 5, 3, 0, 1, 11, -0.43),
(8, 'RSA', 'South Africa', 9, 3, 5, 0, 1, 7, -0.03),
(9, 'SL', 'Sri Lanka', 9, 3, 4, 0, 2, 8, -0.919),
(10, 'WI', 'West Indies', 9, 2, 6, 0, 1, 5, -0.225);

-- --------------------------------------------------------

--
-- Table structure for table `scorecard`
--

CREATE TABLE `scorecard` (
  `Innings_ID` int(11) NOT NULL,
  `Team_ID` varchar(10) DEFAULT NULL,
  `Player_ID` int(10) NOT NULL,
  `Match_ID` int(10) NOT NULL,
  `Runs_Scored` int(3) NOT NULL,
  `Balls_Faced` int(3) NOT NULL,
  `Fours_Scored` int(3) NOT NULL,
  `Sixes_Scored` int(3) NOT NULL,
  `Strike_Rate` float NOT NULL,
  `Over_Throwed` int(2) NOT NULL,
  `Maiden_Throwed` int(2) NOT NULL,
  `Runs_Given` int(3) NOT NULL,
  `Wicket_Taken` int(2) NOT NULL,
  `Economy` float NOT NULL
) ENGINE=InnoDB DEFAULT CHARSET=latin1;

--
-- Dumping data for table `scorecard`
--

INSERT INTO `scorecard` (`Innings_ID`, `Team_ID`, `Player_ID`, `Match_ID`, `Runs_Scored`, `Balls_Faced`, `Fours_Scored`, `Sixes_Scored`, `Strike_Rate`, `Over_Throwed`, `Maiden_Throwed`, `Runs_Given`, `Wicket_Taken`, `Economy`) VALUES
(1, 'AFG', 0, 4, 0, 3, 0, 0, 0, 0, 0, 0, 0, 0),
(2, 'AFG', 0, 7, 7, 12, 1, 0, 58.33, 0, 0, 0, 0, 0),
(2, 'IND', 0, 8, 8, 12, 1, 0, 66.67, 0, 0, 0, 0, 0),
(2, 'AFG', 0, 42, 25, 17, 2, 2, 147.06, 8, 0, 56, 1, 7),
(1, 'AFG', 1, 13, 34, 28, 5, 1, 121.43, 0, 0, 0, 0, 0),
(1, 'AFG', 2, 4, 0, 2, 0, 0, 0, 0, 0, 0, 0, 0),
(2, 'AFG', 2, 7, 30, 25, 3, 1, 120, 0, 0, 0, 0, 0),
(1, 'AFG', 2, 13, 31, 38, 5, 0, 81.58, 0, 0, 0, 0, 0),
(2, 'AFG', 3, 42, 40, 32, 4, 1, 125, 0, 0, 0, 0, 0),
(1, 'AFG', 4, 4, 18, 34, 3, 0, 52.94, 0, 0, 0, 0, 0),
(2, 'AFG', 4, 7, 4, 17, 0, 0, 23.53, 0, 0, 0, 0, 0),
(1, 'AFG', 4, 13, 59, 99, 9, 0, 59.6, 0, 0, 0, 0, 0),
(1, 'AFG', 5, 4, 51, 49, 7, 2, 104.08, 0, 0, 0, 0, 0),
(2, 'AFG', 5, 7, 43, 56, 6, 0, 76.79, 0, 0, 0, 0, 0),
(1, 'AFG', 5, 13, 4, 3, 1, 0, 133.33, 0, 0, 0, 0, 0),
(2, 'AFG', 5, 42, 31, 38, 1, 1, 81.58, 0, 0, 0, 0, 0),
(1, 'AFG', 6, 4, 27, 11, 2, 3, 245.45, 8, 0, 52, 1, 6.5),
(2, 'AFG', 6, 7, 2, 4, 0, 0, 50, 8, 1, 17, 2, 2.17),
(1, 'AFG', 6, 13, 2, 22, 0, 0, 9.09, 0, 0, 0, 0, 0),
(2, 'AFG', 6, 42, 9, 16, 0, 1, 56.25, 10, 0, 52, 1, 5.2),
(1, 'AFG', 7, 4, 4, 6, 1, 0, 66.67, 5, 0, 32, 0, 6.4),
(2, 'AFG', 7, 7, 6, 18, 1, 0, 33.33, 6, 0, 34, 2, 5.67),
(1, 'AFG', 7, 13, 0, 4, 0, 0, 0, 0, 0, 0, 0, 0),
(2, 'AFG', 7, 42, 1, 2, 0, 0, 50, 9, 1, 73, 2, 8.11),
(1, 'AFG', 9, 4, 1, 2, 0, 0, 50, 6, 2, 15, 0, 2.5),
(2, 'AFG', 9, 7, 6, 5, 0, 1, 120, 7, 0, 53, 1, 7.57),
(1, 'AFG', 9, 13, 14, 10, 3, 0, 140, 8, 0, 45, 3, 5.51),
(1, 'AFG', 10, 4, 13, 9, 1, 1, 144.44, 5, 0, 45, 1, 9.31),
(2, 'AFG', 10, 7, 1, 1, 0, 0, 100, 3, 0, 19, 0, 6.33),
(1, 'AFG', 10, 13, 7, 11, 1, 0, 63.64, 7, 0, 30, 0, 4.29),
(2, 'AFG', 10, 42, 7, 5, 1, 0, 140, 10, 0, 52, 0, 5.2),
(1, 'AFG', 11, 4, 31, 33, 4, 1, 93.94, 5, 0, 32, 1, 6.5),
(2, 'AFG', 11, 7, 23, 32, 2, 0, 71.88, 4, 0, 38, 0, 9.5),
(1, 'AFG', 11, 13, 9, 24, 0, 0, 37.5, 3, 0, 18, 0, 6),
(2, 'AFG', 11, 42, 5, 6, 1, 0, 83.33, 3, 0, 18, 0, 6),
(1, 'AFG', 12, 4, 43, 60, 6, 0, 71.67, 0, 0, 0, 0, 0),
(2, 'AFG', 12, 7, 2, 11, 0, 0, 18.18, 0, 0, 0, 0, 0),
(1, 'AFG', 12, 13, 0, 4, 0, 0, 0, 5, 0, 21, 0, 4.2),
(2, 'AFG', 12, 42, 62, 78, 10, 0, 79.49, 0, 0, 0, 0, 0),
(2, 'AFG', 13, 42, 6, 9, 0, 0, 66.67, 0, 0, 0, 0, 0),
(1, 'AFG', 14, 4, 7, 22, 0, 0, 31.82, 6, 0, 32, 0, 5.33),
(2, 'AFG', 14, 7, 11, 16, 1, 0, 68.75, 9, 0, 30, 4, 3.33),
(1, 'AFG', 14, 13, 4, 4, 1, 0, 100, 9, 1, 55, 1, 6.11),
(2, 'AFG', 14, 42, 2, 6, 0, 0, 33.33, 10, 0, 56, 1, 5.6),
(2, 'AFG', 15, 42, 86, 93, 8, 0, 92.47, 0, 0, 0, 0, 0),
(2, 'AUS', 16, 4, 66, 49, 6, 4, 134.69, 0, 0, 0, 0, 0),
(1, 'AUS', 16, 10, 3, 8, 0, 0, 37.5, 0, 0, 0, 0, 0),
(2, 'AUS', 16, 14, 56, 84, 5, 0, 66.67, 0, 0, 0, 0, 0),
(1, 'AUS', 16, 17, 82, 84, 6, 4, 97.62, 2, 0, 13, 1, 6.5),
(1, 'AUS', 16, 20, 153, 132, 15, 5, 115.91, 0, 0, 0, 0, 0),
(2, 'AUS', 17, 4, 89, 114, 8, 0, 78.07, 0, 0, 0, 0, 0),
(1, 'AUS', 17, 10, 6, 10, 0, 0, 60, 0, 0, 0, 0, 0),
(2, 'AUS', 17, 14, 36, 35, 3, 1, 102.86, 0, 0, 0, 0, 0),
(1, 'AUS', 17, 17, 107, 111, 11, 1, 96.4, 0, 0, 0, 0, 0),
(1, 'AUS', 17, 20, 26, 48, 2, 0, 54.17, 0, 0, 0, 0, 0),
(2, 'AUS', 18, 4, 15, 20, 1, 0, 75, 0, 0, 0, 0, 0),
(1, 'AUS', 18, 10, 13, 19, 2, 0, 68.42, 0, 0, 0, 0, 0),
(2, 'AUS', 18, 14, 69, 70, 5, 1, 98.57, 0, 0, 0, 0, 0),
(1, 'AUS', 18, 17, 18, 16, 3, 0, 112.5, 0, 0, 0, 0, 0),
(1, 'AUS', 18, 20, 10, 20, 1, 0, 50, 0, 0, 0, 0, 0),
(2, 'AUS', 19, 4, 18, 27, 1, 0, 66.67, 0, 0, 0, 0, 0),
(1, 'AUS', 19, 10, 73, 103, 7, 0, 70.87, 0, 0, 0, 0, 0),
(2, 'AUS', 19, 14, 42, 39, 4, 1, 107.69, 0, 0, 0, 0, 0),
(1, 'AUS', 19, 17, 10, 13, 1, 0, 76.92, 0, 0, 0, 0, 0),
(1, 'AUS', 19, 20, 73, 59, 7, 1, 123.73, 0, 0, 0, 0, 0),
(1, 'AUS', 20, 17, 23, 26, 2, 0, 88.46, 0, 0, 0, 0, 0),
(1, 'AUS', 20, 20, 3, 9, 0, 0, 33.33, 0, 0, 0, 0, 0),
(2, 'AUS', 21, 4, 4, 1, 1, 0, 400, 0, 0, 0, 0, 0),
(1, 'AUS', 21, 10, 0, 2, 0, 0, 0, 6, 1, 31, 1, 5.17),
(2, 'AUS', 21, 14, 28, 14, 5, 0, 200, 7, 0, 45, 0, 6.43),
(1, 'AUS', 21, 17, 20, 10, 2, 1, 200, 7, 0, 58, 0, 8.29),
(1, 'AUS', 21, 20, 46, 25, 5, 1, 184, 10, 0, 46, 0, 4.6),
(2, 'AUS', 22, 4, 0, 0, 0, 0, 0, 7, 1, 37, 2, 5.29),
(1, 'AUS', 22, 10, 19, 23, 4, 0, 82.61, 4, 0, 18, 0, 4.5),
(2, 'AUS', 22, 14, 0, 2, 0, 0, 0, 7, 0, 62, 2, 8.86),
(2, 'AUS', 23, 4, 0, 0, 0, 0, 0, 0, 0, 0, 0, 0),
(1, 'AUS', 23, 10, 45, 55, 7, 0, 81.82, 0, 0, 0, 0, 0),
(2, 'AUS', 23, 14, 55, 35, 5, 1, 157.14, 0, 0, 0, 0, 0),
(1, 'AUS', 23, 17, 20, 21, 2, 0, 95.24, 0, 0, 0, 0, 0),
(1, 'AUS', 23, 20, 4, 3, 0, 0, 133.33, 0, 0, 0, 0, 0),
(1, 'AUS', 24, 20, 0, 0, 0, 0, 0, 9, 1, 47, 3, 5.22),
(2, 'AUS', 25, 4, 0, 0, 0, 0, 0, 8, 0, 40, 3, 4.8),
(1, 'AUS', 25, 10, 2, 6, 0, 0, 33.33, 10, 3, 41, 2, 4.1),
(2, 'AUS', 25, 14, 8, 7, 1, 0, 114.29, 10, 0, 55, 1, 5.5),
(1, 'AUS', 25, 17, 2, 6, 0, 0, 33.33, 10, 0, 33, 3, 3.3),
(1, 'AUS', 25, 20, 0, 1, 0, 0, 0, 8, 0, 38, 2, 4.85),
(2, 'AUS', 26, 4, 0, 0, 0, 0, 0, 8, 1, 36, 0, 4.5),
(1, 'AUS', 26, 10, 92, 60, 8, 4, 153.33, 10, 0, 70, 0, 7),
(2, 'AUS', 26, 14, 4, 9, 0, 0, 44.44, 10, 1, 63, 1, 6.3),
(1, 'AUS', 26, 17, 2, 3, 0, 0, 66.67, 9, 0, 53, 1, 5.89),
(2, 'AUS', 27, 4, 0, 0, 0, 0, 0, 7, 1, 31, 1, 4.43),
(1, 'AUS', 27, 10, 8, 9, 1, 0, 88.89, 10, 1, 46, 5, 4.6),
(2, 'AUS', 27, 14, 3, 3, 0, 0, 100, 10, 0, 74, 1, 7.4),
(1, 'AUS', 27, 17, 3, 6, 0, 0, 50, 9, 1, 43, 2, 4.78),
(1, 'AUS', 27, 20, 5, 4, 0, 0, 125, 10, 0, 55, 4, 5.5),
(1, 'AUS', 28, 20, 0, 0, 0, 0, 0, 9, 0, 59, 1, 6.56),
(2, 'AUS', 29, 4, 0, 0, 0, 0, 0, 8, 0, 60, 3, 7.5),
(1, 'AUS', 29, 10, 0, 0, 0, 0, 0, 10, 0, 58, 1, 5.8),
(2, 'AUS', 29, 14, 1, 3, 0, 0, 33.33, 6, 0, 50, 0, 8.33),
(1, 'AUS', 29, 17, 1, 1, 0, 0, 100, 8, 0, 62, 2, 7.15),
(1, 'BAN', 31, 5, 16, 29, 2, 0, 55.17, 0, 0, 0, 0, 0),
(1, 'BAN', 31, 9, 24, 38, 3, 0, 63.16, 0, 0, 0, 0, 0),
(2, 'BAN', 31, 12, 19, 29, 1, 0, 65.52, 0, 0, 0, 0, 0),
(1, 'BAN', 32, 5, 42, 30, 9, 0, 140, 0, 0, 0, 0, 0),
(1, 'BAN', 32, 9, 25, 25, 3, 0, 100, 0, 0, 0, 0, 0),
(2, 'BAN', 32, 12, 2, 8, 0, 0, 25, 0, 0, 0, 0, 0),
(1, 'BAN', 34, 5, 46, 33, 3, 1, 139.39, 0, 0, 0, 0, 0),
(1, 'BAN', 34, 9, 20, 41, 0, 0, 48.78, 0, 0, 0, 0, 0),
(2, 'BAN', 34, 12, 28, 41, 1, 1, 68.29, 0, 0, 0, 0, 0),
(1, 'BAN', 35, 5, 0, 0, 0, 0, 0, 8, 1, 57, 2, 7.13),
(1, 'BAN', 35, 9, 7, 9, 0, 0, 77.78, 10, 0, 47, 2, 4.7),
(2, 'BAN', 35, 12, 12, 8, 2, 0, 150, 10, 0, 67, 2, 6.7),
(1, 'BAN', 36, 5, 26, 20, 4, 0, 130, 6, 0, 38, 0, 6.33),
(1, 'BAN', 36, 9, 11, 22, 0, 0, 50, 8, 0, 33, 2, 4.13),
(2, 'BAN', 36, 12, 26, 16, 4, 0, 162.5, 2, 0, 24, 0, 12),
(1, 'BAN', 37, 5, 75, 84, 8, 1, 89.29, 10, 0, 50, 1, 5),
(1, 'BAN', 37, 9, 64, 68, 7, 0, 94.12, 0, 0, 0, 0, 0),
(2, 'BAN', 37, 12, 121, 119, 12, 1, 101.68, 10, 0, 71, 0, 7.1),
(1, 'BAN', 38, 5, 0, 0, 0, 0, 0, 10, 0, 44, 1, 4.4),
(1, 'BAN', 38, 9, 29, 23, 3, 1, 126.09, 7, 0, 41, 2, 5.86),
(2, 'BAN', 38, 12, 5, 8, 0, 0, 62.5, 9, 0, 78, 2, 8.67),
(1, 'BAN', 40, 5, 78, 80, 8, 0, 97.5, 0, 0, 0, 0, 0),
(1, 'BAN', 40, 9, 19, 68, 7, 0, 54.29, 0, 0, 0, 0, 0),
(2, 'BAN', 40, 12, 44, 50, 2, 0, 88, 0, 0, 0, 0, 0),
(1, 'BAN', 41, 5, 21, 21, 2, 1, 100, 0, 0, 0, 0, 0),
(1, 'BAN', 41, 9, 26, 33, 3, 0, 78.79, 0, 0, 0, 0, 0),
(2, 'BAN', 41, 12, 0, 2, 0, 0, 0, 0, 0, 0, 0, 0),
(1, 'BAN', 42, 5, 0, 0, 0, 0, 0, 6, 0, 49, 0, 8.17),
(1, 'BAN', 42, 9, 1, 2, 0, 0, 50, 5, 0, 32, 0, 6.4),
(2, 'BAN', 42, 12, 4, 9, 0, 0, 44.44, 10, 0, 68, 1, 6.8),
(1, 'BAN', 44, 5, 0, 0, 0, 0, 0, 10, 0, 67, 3, 6.7),
(1, 'BAN', 44, 9, 0, 0, 0, 0, 0, 7, 0, 48, 0, 6.7),
(2, 'BAN', 44, 12, 0, 3, 0, 0, 0, 9, 0, 75, 1, 8.33),
(1, 'ENG', 46, 1, 57, 60, 4, 3, 95, 0, 0, 0, 0, 0),
(2, 'ENG', 46, 6, 9, 18, 1, 0, 50, 0, 0, 0, 0, 0),
(1, 'ENG', 46, 12, 35, 33, 1, 2, 106.06, 0, 0, 0, 0, 0),
(2, 'ENG', 46, 19, 0, 0, 0, 0, 0, 0, 0, 0, 0, 0),
(1, 'ENG', 46, 41, 42, 40, 5, 0, 105, 0, 0, 0, 0, 0),
(1, 'ENG', 47, 1, 54, 53, 8, 0, 101.89, 0, 0, 0, 0, 0),
(2, 'ENG', 47, 6, 8, 7, 2, 0, 114.29, 0, 0, 0, 0, 0),
(1, 'ENG', 47, 12, 153, 121, 14, 5, 126.45, 0, 0, 0, 0, 0),
(2, 'ENG', 47, 19, 0, 0, 0, 0, 0, 0, 0, 0, 0, 0),
(1, 'ENG', 47, 41, 60, 61, 8, 0, 98.36, 0, 0, 0, 0, 0),
(1, 'ENG', 48, 1, 51, 59, 5, 0, 86.44, 0, 0, 0, 0, 0),
(2, 'ENG', 48, 6, 107, 104, 10, 1, 102.88, 0, 0, 0, 0, 0),
(1, 'ENG', 48, 12, 21, 29, 1, 0, 72.41, 0, 0, 0, 0, 0),
(2, 'ENG', 48, 19, 100, 94, 11, 0, 106.38, 5, 0, 27, 2, 5.4),
(1, 'ENG', 48, 41, 24, 25, 1, 0, 96, 3, 0, 15, 0, 5),
(1, 'ENG', 50, 1, 89, 79, 9, 0, 112.66, 3, 0, 12, 2, 4.24),
(2, 'ENG', 50, 6, 13, 18, 1, 0, 72.22, 7, 0, 43, 0, 6.14),
(1, 'ENG', 50, 12, 6, 7, 0, 0, 85.71, 6, 1, 23, 3, 3.83),
(2, 'ENG', 50, 19, 10, 6, 2, 0, 166.67, 4, 0, 25, 0, 6.25),
(1, 'ENG', 50, 41, 11, 27, 0, 0, 40.74, 5, 0, 10, 1, 2),
(1, 'ENG', 51, 1, 3, 9, 0, 0, 33.33, 10, 0, 63, 1, 6.3),
(2, 'ENG', 51, 6, 19, 20, 1, 0, 95, 10, 0, 50, 3, 5),
(1, 'ENG', 51, 12, 18, 8, 0, 2, 225, 8, 0, 67, 0, 8.38),
(1, 'ENG', 52, 1, 13, 14, 1, 0, 92.86, 5, 0, 24, 0, 4.8),
(2, 'ENG', 52, 6, 21, 14, 1, 1, 150, 8, 1, 71, 3, 8.88),
(1, 'ENG', 52, 12, 27, 9, 4, 1, 300, 8, 0, 36, 1, 4.5),
(2, 'ENG', 52, 19, 40, 54, 4, 0, 74.07, 5, 2, 16, 1, 3.2),
(1, 'ENG', 52, 41, 4, 11, 0, 0, 36.36, 8, 0, 44, 1, 5.5),
(1, 'ENG', 55, 1, 7, 3, 1, 0, 233.33, 7, 1, 27, 3, 3.86),
(2, 'ENG', 55, 6, 1, 2, 0, 0, 50, 10, 0, 79, 0, 7.9),
(1, 'ENG', 55, 12, 0, 0, 0, 0, 0, 9, 2, 29, 3, 3.28),
(2, 'ENG', 55, 19, 0, 0, 0, 0, 0, 9, 1, 30, 3, 3.33),
(1, 'ENG', 55, 41, 1, 1, 0, 0, 100, 7, 1, 17, 1, 2.43),
(1, 'ENG', 56, 1, 0, 1, 0, 0, 0, 0, 0, 0, 0, 0),
(2, 'ENG', 56, 6, 32, 31, 4, 1, 103.23, 0, 0, 0, 0, 0),
(1, 'ENG', 56, 12, 51, 50, 6, 0, 102, 0, 0, 0, 0, 0),
(2, 'ENG', 56, 19, 45, 46, 7, 0, 97.83, 0, 0, 0, 0, 0),
(1, 'ENG', 56, 41, 106, 99, 15, 1, 107.07, 0, 0, 0, 0, 0),
(1, 'ENG', 57, 1, 18, 16, 0, 0, 112.5, 0, 0, 0, 0, 0),
(2, 'ENG', 57, 6, 103, 76, 9, 2, 135.53, 0, 0, 0, 0, 0),
(1, 'ENG', 57, 12, 64, 44, 2, 4, 145.45, 0, 0, 0, 0, 0),
(2, 'ENG', 57, 19, 0, 0, 0, 0, 0, 0, 0, 0, 0, 0),
(1, 'ENG', 57, 41, 11, 12, 1, 0, 91.67, 0, 0, 0, 0, 0),
(1, 'ENG', 58, 1, 9, 6, 1, 0, 150, 7, 0, 37, 2, 5.29),
(2, 'ENG', 58, 19, 0, 0, 0, 0, 0, 5, 0, 30, 0, 6),
(1, 'ENG', 58, 41, 15, 12, 1, 0, 125, 8, 0, 28, 1, 3.5),
(1, 'ENG', 59, 1, 0, 0, 0, 0, 0, 8, 0, 35, 1, 4.38),
(2, 'ENG', 59, 6, 3, 4, 0, 0, 75, 5, 0, 43, 0, 8.6),
(1, 'ENG', 59, 12, 0, 0, 0, 0, 0, 10, 0, 64, 1, 6.4),
(2, 'ENG', 59, 19, 0, 0, 0, 0, 0, 10, 0, 61, 0, 6.1),
(1, 'ENG', 59, 41, 16, 12, 1, 0, 133.33, 5, 0, 30, 1, 6),
(2, 'ENG', 60, 6, 10, 6, 2, 0, 166.67, 10, 0, 53, 2, 5.3),
(1, 'ENG', 60, 12, 0, 0, 0, 0, 0, 8, 0, 52, 2, 6.5),
(2, 'ENG', 60, 19, 0, 0, 0, 0, 0, 6, 0, 18, 3, 2.7),
(1, 'ENG', 60, 41, 0, 0, 0, 0, 0, 9, 0, 34, 3, 3.78),
(2, 'IND', 61, 8, 122, 144, 13, 2, 84.72, 0, 0, 0, 0, 0),
(1, 'IND', 61, 14, 57, 70, 3, 1, 81.43, 0, 0, 0, 0, 0),
(2, 'IND', 62, 8, 18, 34, 1, 0, 52.94, 0, 0, 0, 0, 0),
(1, 'IND', 62, 14, 82, 77, 4, 2, 106.49, 0, 0, 0, 0, 0),
(1, 'IND', 63, 14, 117, 109, 16, 0, 107.34, 0, 0, 0, 0, 0),
(2, 'IND', 64, 8, 15, 7, 3, 0, 214.29, 6, 0, 31, 0, 5.17),
(1, 'IND', 64, 14, 48, 27, 4, 2, 177.78, 10, 0, 65, 0, 6.5),
(2, 'IND', 65, 8, 0, 0, 0, 0, 0, 4, 0, 16, 0, 4),
(1, 'IND', 65, 14, 0, 0, 0, 0, 0, 1, 0, 14, 0, 14),
(2, 'IND', 68, 8, 26, 42, 2, 0, 61.9, 0, 0, 0, 0, 0),
(1, 'IND', 68, 14, 11, 3, 1, 1, 366.67, 0, 0, 0, 0, 0),
(2, 'IND', 69, 8, 34, 46, 2, 0, 73.91, 0, 0, 0, 0, 0),
(1, 'IND', 69, 14, 27, 14, 3, 1, 192.86, 0, 0, 0, 0, 0),
(2, 'IND', 71, 8, 0, 0, 0, 0, 0, 10, 0, 46, 1, 4.6),
(1, 'IND', 71, 14, 0, 0, 0, 0, 0, 9, 0, 55, 0, 6.11),
(2, 'IND', 73, 8, 0, 0, 0, 0, 0, 10, 1, 35, 2, 3.5),
(1, 'IND', 73, 14, 0, 0, 0, 0, 0, 10, 1, 61, 3, 6.1),
(2, 'IND', 74, 8, 0, 0, 0, 0, 0, 10, 0, 44, 2, 4.4),
(1, 'IND', 74, 14, 0, 0, 0, 0, 0, 10, 0, 50, 3, 5),
(2, 'IND', 75, 8, 0, 0, 0, 0, 0, 10, 0, 51, 4, 5.1),
(1, 'IND', 75, 14, 0, 0, 0, 0, 0, 10, 0, 62, 2, 6.2),
(2, 'NZ', 76, 3, 0, 0, 0, 0, 0, 0, 0, 0, 0, 0),
(2, 'NZ', 76, 9, 40, 72, 1, 0, 55.56, 0, 0, 0, 0, 0),
(2, 'NZ', 76, 13, 79, 99, 9, 0, 79.8, 0, 0, 0, 0, 0),
(2, 'NZ', 76, 41, 27, 40, 3, 0, 67.5, 0, 0, 0, 0, 0),
(2, 'NZ', 77, 3, 73, 51, 8, 2, 143.14, 0, 0, 0, 0, 0),
(2, 'NZ', 77, 9, 25, 14, 3, 1, 178.57, 0, 0, 0, 0, 0),
(2, 'NZ', 77, 13, 0, 1, 0, 0, 0, 0, 0, 0, 0, 0),
(2, 'NZ', 77, 41, 8, 16, 1, 0, 50, 0, 0, 0, 0, 0),
(2, 'NZ', 78, 3, 0, 0, 0, 0, 0, 0, 0, 0, 0, 0),
(2, 'NZ', 78, 9, 82, 91, 9, 0, 90.11, 0, 0, 0, 0, 0),
(2, 'NZ', 78, 13, 48, 52, 6, 1, 92.31, 0, 0, 0, 0, 0),
(2, 'NZ', 78, 41, 28, 42, 2, 0, 66.67, 0, 0, 0, 0, 0),
(2, 'NZ', 79, 3, 0, 0, 0, 0, 0, 2, 0, 14, 1, 7),
(2, 'NZ', 79, 9, 15, 13, 2, 0, 115.38, 8, 0, 39, 1, 4.88),
(2, 'NZ', 79, 13, 0, 0, 0, 0, 0, 4, 1, 14, 1, 3.5),
(2, 'NZ', 79, 41, 3, 13, 0, 0, 23.08, 1, 0, 11, 0, 11),
(2, 'NZ', 80, 3, 58, 47, 6, 1, 123.4, 0, 0, 0, 0, 0),
(2, 'NZ', 80, 9, 24, 34, 3, 1, 70.59, 0, 0, 0, 0, 0),
(2, 'NZ', 80, 13, 22, 24, 4, 0, 91.67, 0, 0, 0, 0, 0),
(2, 'NZ', 81, 3, 0, 0, 0, 0, 0, 3, 1, 21, 1, 7),
(2, 'NZ', 81, 9, 25, 33, 2, 1, 75.76, 2, 0, 24, 0, 12),
(2, 'NZ', 81, 13, 0, 0, 0, 0, 0, 10, 1, 31, 5, 3.1),
(2, 'NZ', 81, 41, 19, 27, 1, 0, 70.37, 10, 1, 41, 2, 4.1),
(2, 'NZ', 82, 3, 0, 0, 0, 0, 0, 2, 0, 5, 1, 2.5),
(2, 'NZ', 82, 9, 17, 12, 2, 0, 141.67, 10, 1, 41, 1, 4.1),
(2, 'NZ', 82, 13, 0, 0, 0, 0, 0, 0, 0, 0, 0, 0),
(2, 'NZ', 82, 41, 12, 30, 1, 0, 40, 10, 0, 65, 1, 6.5),
(2, 'NZ', 84, 3, 0, 0, 0, 0, 0, 0, 0, 0, 0, 0),
(2, 'NZ', 84, 9, 0, 4, 0, 0, 0, 0, 0, 0, 0, 0),
(2, 'NZ', 84, 13, 13, 18, 1, 0, 72.22, 0, 0, 0, 0, 0),
(2, 'NZ', 84, 41, 57, 65, 5, 0, 87.69, 0, 0, 0, 0, 0),
(2, 'NZ', 85, 41, 0, 1, 0, 0, 0, 0, 0, 0, 0, 0),
(2, 'NZ', 86, 3, 0, 0, 0, 0, 0, 9, 0, 44, 1, 4.89),
(2, 'NZ', 86, 9, 0, 0, 0, 0, 0, 10, 0, 44, 2, 4.4),
(2, 'NZ', 86, 13, 0, 0, 0, 0, 0, 10, 0, 34, 0, 3.4),
(2, 'NZ', 86, 41, 4, 7, 1, 0, 57.14, 10, 0, 56, 2, 5.6),
(2, 'NZ', 87, 3, 0, 0, 0, 0, 0, 6, 0, 22, 3, 3.47),
(2, 'NZ', 87, 9, 4, 3, 1, 0, 133.33, 10, 0, 40, 1, 4),
(2, 'NZ', 87, 13, 0, 0, 0, 0, 0, 9, 3, 37, 4, 4.04),
(2, 'NZ', 88, 3, 0, 0, 0, 0, 0, 7, 0, 29, 3, 4.14),
(2, 'NZ', 88, 9, 6, 8, 1, 0, 75, 9, 0, 47, 4, 5.04),
(2, 'NZ', 88, 13, 0, 0, 0, 0, 0, 8, 0, 50, 0, 6.25),
(2, 'NZ', 88, 41, 7, 13, 0, 0, 53.85, 10, 0, 54, 2, 5.4),
(2, 'NZ', 89, 41, 7, 16, 0, 0, 43.75, 9, 0, 70, 1, 7.78),
(1, 'PAK', 91, 6, 36, 40, 6, 0, 90, 0, 0, 0, 0, 0),
(2, 'PAK', 91, 17, 0, 3, 0, 0, 0, 0, 0, 0, 0, 0),
(1, 'PAK', 92, 6, 44, 58, 3, 1, 75.86, 0, 0, 0, 0, 0),
(2, 'PAK', 92, 17, 53, 75, 7, 0, 70.67, 0, 0, 0, 0, 0),
(1, 'PAK', 93, 6, 63, 66, 4, 1, 95.45, 0, 0, 0, 0, 0),
(2, 'PAK', 93, 17, 30, 28, 7, 0, 107.14, 0, 0, 0, 0, 0),
(1, 'PAK', 94, 6, 14, 11, 0, 1, 127.27, 0, 0, 0, 0, 0),
(2, 'PAK', 94, 17, 0, 2, 0, 0, 0, 4, 0, 26, 0, 6.5),
(1, 'PAK', 95, 6, 8, 8, 0, 0, 100, 3, 0, 10, 1, 3.33),
(2, 'PAK', 95, 17, 5, 8, 0, 0, 62.5, 0, 0, 0, 0, 0),
(1, 'PAK', 96, 6, 84, 62, 8, 2, 135.48, 7, 0, 43, 1, 6.14),
(2, 'PAK', 96, 17, 46, 49, 3, 1, 93.88, 7, 0, 60, 1, 8.57),
(1, 'PAK', 98, 6, 10, 4, 2, 0, 250, 10, 0, 63, 2, 6.3),
(2, 'PAK', 98, 17, 0, 2, 0, 0, 0, 10, 2, 30, 5, 3),
(1, 'PAK', 100, 6, 55, 44, 5, 0, 125, 0, 0, 0, 0, 0),
(2, 'PAK', 100, 17, 40, 48, 1, 0, 83.33, 0, 0, 0, 0, 0),
(2, 'PAK', 101, 17, 1, 6, 0, 0, 6.67, 10, 0, 70, 2, 7),
(1, 'PAK', 102, 6, 10, 5, 0, 1, 200, 10, 0, 66, 0, 6.6),
(2, 'PAK', 102, 17, 45, 39, 2, 3, 115.38, 8, 0, 44, 1, 5.5),
(1, 'PAK', 104, 6, 4, 2, 1, 0, 200, 10, 0, 82, 3, 8.2),
(2, 'PAK', 104, 17, 32, 15, 3, 3, 213.33, 10, 0, 67, 1, 6.7),
(1, 'PAK', 105, 6, 0, 0, 0, 0, 0, 10, 0, 67, 2, 6.7),
(2, 'RSA', 106, 1, 5, 7, 1, 0, 71.43, 0, 0, 0, 0, 0),
(2, 'RSA', 106, 5, 62, 53, 5, 1, 116.98, 0, 0, 0, 0, 0),
(1, 'RSA', 106, 8, 38, 54, 4, 0, 70.37, 0, 0, 0, 0, 0),
(1, 'RSA', 106, 15, 0, 7, 0, 0, 0, 0, 0, 0, 0, 0),
(2, 'RSA', 107, 5, 38, 43, 2, 0, 88.37, 0, 0, 0, 0, 0),
(1, 'RSA', 107, 8, 31, 40, 1, 0, 77.5, 0, 0, 0, 0, 0),
(2, 'RSA', 108, 1, 11, 12, 2, 0, 91.67, 3, 0, 16, 0, 5.33),
(2, 'RSA', 108, 5, 45, 56, 4, 0, 80.36, 5, 0, 38, 0, 7.6),
(1, 'RSA', 108, 15, 5, 10, 1, 0, 50, 0, 0, 0, 0, 0),
(2, 'RSA', 109, 1, 13, 23, 1, 0, 56.52, 0, 0, 0, 0, 0),
(1, 'RSA', 109, 8, 6, 9, 1, 0, 66.67, 0, 0, 0, 0, 0),
(1, 'RSA', 109, 15, 6, 7, 1, 0, 85.71, 0, 0, 0, 0, 0),
(2, 'RSA', 110, 1, 50, 61, 4, 1, 81.97, 0, 0, 0, 0, 0),
(2, 'RSA', 110, 5, 41, 38, 2, 1, 107.89, 0, 0, 0, 0, 0),
(1, 'RSA', 110, 8, 22, 37, 1, 0, 59.46, 0, 0, 0, 0, 0),
(2, 'RSA', 111, 1, 8, 11, 1, 0, 72.73, 2, 0, 14, 0, 7),
(2, 'RSA', 111, 5, 45, 37, 4, 0, 121.62, 1, 0, 10, 0, 10),
(1, 'RSA', 111, 8, 3, 11, 0, 0, 27.27, 0, 0, 0, 0, 0),
(2, 'RSA', 112, 1, 24, 25, 4, 0, 96, 8, 0, 44, 1, 5.5),
(2, 'RSA', 112, 5, 8, 13, 1, 0, 61.54, 10, 1, 52, 2, 5.2),
(1, 'RSA', 112, 8, 34, 61, 2, 1, 55.74, 8, 0, 40, 1, 4.71),
(2, 'RSA', 113, 1, 1, 1, 0, 0, 100, 7, 0, 42, 0, 6),
(2, 'RSA', 114, 5, 10, 10, 1, 0, 100, 10, 0, 73, 2, 7.3),
(1, 'RSA', 114, 8, 42, 34, 1, 2, 123.53, 10, 3, 36, 1, 3.6),
(2, 'RSA', 115, 1, 68, 74, 6, 2, 91.89, 0, 0, 0, 0, 0),
(2, 'RSA', 115, 5, 23, 32, 4, 0, 71.88, 0, 0, 0, 0, 0),
(1, 'RSA', 115, 8, 10, 17, 1, 0, 58.82, 0, 0, 0, 0, 0),
(1, 'RSA', 115, 15, 17, 21, 1, 0, 80.95, 0, 0, 0, 0, 0),
(2, 'RSA', 116, 1, 11, 19, 2, 0, 57.89, 10, 0, 66, 2, 6.6),
(2, 'RSA', 116, 5, 13, 9, 0, 1, 144.44, 10, 0, 57, 0, 5.7),
(1, 'RSA', 116, 8, 31, 35, 2, 0, 88.57, 10, 1, 39, 2, 3.9),
(2, 'RSA', 117, 1, 6, 0, 5, 1, 120, 10, 0, 66, 3, 6.6),
(2, 'RSA', 117, 5, 0, 0, 0, 0, 0, 4, 0, 34, 0, 8.5),
(2, 'RSA', 118, 1, 0, 1, 0, 0, 0, 10, 0, 61, 2, 6.1),
(2, 'RSA', 118, 5, 10, 10, 0, 0, 100, 10, 0, 57, 2, 5.7),
(1, 'RSA', 118, 8, 0, 2, 0, 0, 0, 10, 0, 58, 0, 5.8),
(1, 'RSA', 119, 8, 0, 0, 0, 0, 0, 9, 0, 54, 0, 6),
(1, 'SL', 121, 3, 52, 84, 4, 0, 61.9, 0, 0, 0, 0, 0),
(1, 'SL', 121, 7, 30, 45, 3, 0, 66.67, 0, 0, 0, 0, 0),
(2, 'SL', 121, 20, 97, 108, 9, 0, 89.81, 0, 0, 0, 0, 0),
(1, 'SL', 123, 3, 4, 2, 1, 0, 200, 0, 0, 0, 0, 0),
(1, 'SL', 123, 7, 25, 34, 1, 0, 73.53, 0, 0, 0, 0, 0),
(2, 'SL', 123, 20, 16, 26, 1, 0, 61.54, 0, 0, 0, 0, 0),
(1, 'SL', 124, 3, 0, 9, 0, 0, 0, 0, 0, 0, 0, 0),
(1, 'SL', 124, 7, 0, 2, 0, 0, 0, 0, 0, 0, 0, 0),
(2, 'SL', 124, 20, 9, 11, 2, 0, 81.82, 0, 0, 0, 0, 0),
(1, 'SL', 125, 3, 4, 13, 1, 0, 30.77, 0, 0, 0, 0, 0),
(1, 'SL', 125, 7, 0, 4, 0, 0, 0, 1, 0, 7, 0, 7),
(2, 'SL', 125, 20, 16, 30, 2, 0, 53.33, 8, 0, 40, 2, 5),
(1, 'SL', 126, 3, 0, 3, 0, 0, 0, 3, 0, 24, 0, 8),
(1, 'SL', 126, 7, 10, 21, 0, 1, 47.62, 6, 0, 28, 1, 4.67),
(2, 'SL', 126, 20, 8, 8, 1, 0, 100, 10, 0, 57, 2, 5.7),
(2, 'SL', 127, 20, 3, 4, 0, 0, 75, 2, 0, 17, 0, 8.5),
(1, 'SL', 128, 3, 27, 23, 0, 2, 117.39, 3, 0, 25, 0, 8.33),
(1, 'SL', 128, 7, 2, 4, 0, 0, 50, 4, 0, 19, 1, 4.75),
(2, 'SL', 128, 20, 7, 4, 0, 0, 233.33, 10, 0, 67, 0, 6.7),
(1, 'SL', 129, 3, 1, 4, 0, 0, 25, 1, 0, 11, 0, 9.43),
(1, 'SL', 130, 3, 29, 24, 4, 0, 120.83, 0, 0, 0, 0, 0),
(1, 'SL', 130, 7, 78, 81, 8, 0, 96.3, 0, 0, 0, 0, 0),
(2, 'SL', 130, 20, 52, 36, 5, 1, 144.44, 0, 0, 0, 0, 0),
(1, 'SL', 131, 3, 0, 1, 0, 0, 0, 0, 0, 0, 0, 0),
(1, 'SL', 131, 7, 2, 2, 0, 0, 100, 0, 0, 0, 0, 0),
(2, 'SL', 131, 20, 30, 37, 0, 2, 81.08, 0, 0, 0, 0, 0),
(1, 'SL', 133, 3, 1, 2, 0, 0, 50, 5, 0, 46, 0, 9.2),
(1, 'SL', 133, 7, 4, 14, 1, 0, 28.57, 6, 0, 39, 4, 5.85),
(2, 'SL', 133, 20, 1, 5, 0, 0, 20, 10, 1, 61, 1, 6.1),
(1, 'SL', 134, 3, 7, 13, 1, 0, 53.85, 4, 0, 28, 0, 7),
(1, 'SL', 134, 7, 15, 13, 2, 0, 115.38, 6, 0, 27, 0, 4.5),
(1, 'SL', 135, 7, 0, 4, 0, 0, 0, 9, 1, 31, 4, 3.44),
(2, 'SL', 135, 20, 0, 7, 0, 0, 0, 10, 0, 88, 0, 8.5),
(2, 'WI', 136, 10, 21, 17, 4, 0, 123.53, 0, 0, 0, 0, 0),
(1, 'WI', 136, 19, 36, 41, 5, 1, 87.8, 5, 0, 22, 0, 4.4),
(1, 'WI', 136, 42, 7, 18, 1, 0, 38.89, 6, 0, 28, 1, 4.67),
(1, 'WI', 137, 19, 2, 8, 0, 0, 25, 0, 0, 0, 0, 0),
(1, 'WI', 137, 42, 58, 78, 6, 2, 74.36, 0, 0, 0, 0, 0),
(2, 'WI', 138, 10, 68, 105, 7, 0, 64.76, 0, 0, 0, 0, 0),
(2, 'WI', 139, 10, 21, 28, 3, 0, 75, 0, 0, 0, 0, 0),
(1, 'WI', 139, 19, 39, 48, 3, 0, 81.25, 0, 0, 0, 0, 0),
(1, 'WI', 139, 42, 39, 31, 3, 2, 125.81, 0, 0, 0, 0, 0),
(1, 'WI', 140, 42, 0, 0, 0, 0, 0, 3, 0, 26, 0, 8.67),
(2, 'WI', 141, 10, 51, 57, 7, 1, 89.47, 7, 2, 28, 1, 4),
(1, 'WI', 141, 19, 21, 16, 2, 1, 131.25, 5, 0, 31, 0, 6),
(2, 'WI', 142, 10, 16, 17, 1, 1, 94.12, 10, 0, 67, 3, 6.7),
(1, 'WI', 142, 19, 14, 22, 1, 1, 63.64, 5, 0, 35, 0, 7),
(1, 'WI', 142, 42, 14, 4, 2, 1, 350, 9, 0, 63, 4, 7),
(2, 'WI', 143, 10, 15, 11, 2, 1, 136.36, 8, 0, 41, 2, 5.13),
(1, 'WI', 143, 19, 9, 10, 7, 1, 90, 2, 0, 14, 0, 7),
(1, 'WI', 143, 42, 45, 34, 1, 4, 132.35, 8, 0, 46, 0, 5.75),
(2, 'WI', 144, 10, 40, 36, 5, 1, 111.11, 0, 0, 0, 0, 0),
(1, 'WI', 144, 19, 63, 78, 3, 1, 80.77, 0, 0, 0, 0, 0),
(1, 'WI', 144, 42, 58, 43, 6, 1, 134.88, 0, 0, 0, 0, 0),
(2, 'WI', 145, 10, 1, 5, 0, 0, 20, 0, 0, 0, 0, 0),
(1, 'WI', 145, 19, 11, 30, 1, 0, 36.67, 0, 0, 0, 0, 0),
(1, 'WI', 145, 42, 77, 92, 6, 2, 83.7, 0, 0, 0, 0, 0),
(2, 'WI', 146, 10, 19, 18, 4, 0, 105.56, 5, 0, 31, 0, 6.2),
(2, 'WI', 147, 15, 0, 0, 0, 0, 0, 3, 0, 10, 0, 3.33),
(1, 'WI', 147, 42, 0, 0, 0, 0, 0, 10, 2, 37, 3, 3.7),
(2, 'WI', 148, 10, 0, 4, 0, 0, 0, 10, 0, 63, 2, 6.3),
(2, 'WI', 148, 15, 0, 0, 0, 0, 0, 0, 0, 1, 0, 2),
(1, 'WI', 148, 19, 0, 2, 0, 0, 0, 6, 0, 43, 0, 7.17),
(1, 'WI', 148, 42, 0, 0, 0, 0, 0, 7, 0, 43, 1, 6.14),
(1, 'WI', 149, 19, 0, 4, 0, 0, 0, 7, 0, 49, 2, 7),
(2, 'WI', 150, 10, 1, 2, 0, 0, 50, 9, 0, 56, 2, 6.22),
(2, 'WI', 150, 15, 0, 0, 0, 0, 0, 4, 1, 18, 2, 4.5),
(1, 'WI', 150, 19, 0, 18, 4, 0, 0, 3, 0, 17, 0, 5.67),
(1, 'WI', 150, 42, 0, 0, 0, 0, 0, 7, 0, 43, 0, 6.14);

--
-- Indexes for dumped tables
--

--
-- Indexes for table `matches`
--
ALTER TABLE `matches`
  ADD UNIQUE KEY `01` (`Match_ID`);

--
-- Indexes for table `players`
--
ALTER TABLE `players`
  ADD PRIMARY KEY (`Player_ID`);

--
-- Indexes for table `pointstable`
--
ALTER TABLE `pointstable`
  ADD UNIQUE KEY `Number` (`Number`);

--
-- Indexes for table `scorecard`
--
ALTER TABLE `scorecard`
  ADD PRIMARY KEY (`Player_ID`,`Match_ID`);

--
-- AUTO_INCREMENT for dumped tables
--

--
-- AUTO_INCREMENT for table `matches`
--
ALTER TABLE `matches`
  MODIFY `Match_ID` int(10) NOT NULL AUTO_INCREMENT, AUTO_INCREMENT=49;

--
-- AUTO_INCREMENT for table `players`
--
ALTER TABLE `players`
  MODIFY `Player_ID` int(10) NOT NULL AUTO_INCREMENT, AUTO_INCREMENT=151;

--
-- AUTO_INCREMENT for table `pointstable`
--
ALTER TABLE `pointstable`
  MODIFY `Number` int(11) NOT NULL AUTO_INCREMENT, AUTO_INCREMENT=11;
COMMIT;

/*!40101 SET CHARACTER_SET_CLIENT=@OLD_CHARACTER_SET_CLIENT */;
/*!40101 SET CHARACTER_SET_RESULTS=@OLD_CHARACTER_SET_RESULTS */;
/*!40101 SET COLLATION_CONNECTION=@OLD_COLLATION_CONNECTION */;
